"_id","timestamp","device_id","timezone"
1,1587648781924,"a748ee1a-1d0b-4ae9-9074-279a2b6ba524","America/New_York"
2,1587648787306,"a748ee1a-1d0b-4ae9-9074-279a2b6ba524","America/New_York"
3,1587649167075,"13dbc8a3-dae3-4834-823a-4bc96a7d459d","Local Time Zone (America/New_York (EDT) offset -14400 (Daylight))"
4,1587649401922,"13dbc8a3-dae3-4834-823a-4bc96a7d459d","Local Time Zone (America/New_York (EDT) offset -14400 (Daylight))"
5,1587649402606,"13dbc8a3-dae3-4834-823a-4bc96a7d459d","Local Time Zone (America/New_York (EDT) offset -14400 (Daylight))"
6,1587653003867,"13dbc8a3-dae3-4834-823a-4bc96a7d459d","Local Time Zone (America/New_York (EDT) offset -14400 (Daylight))"
7,1587656603427,"13dbc8a3-dae3-4834-823a-4bc96a7d459d","Local Time Zone (America/New_York (EDT) offset -14400 (Daylight))"
8,1587660203951,"13dbc8a3-dae3-4834-823a-4bc96a7d459d","Local Time Zone (America/New_York (EDT) offset -14400 (Daylight))"
9,1587663802932,"13dbc8a3-dae3-4834-823a-4bc96a7d459d","Local Time Zone (America/New_York (EDT) offset -14400 (Daylight))"
10,1587667402600,"13dbc8a3-dae3-4834-823a-4bc96a7d459d","Local Time Zone (America/New_York (EDT) offset -14400 (Daylight))"
11,1587671002617,"13dbc8a3-dae3-4834-823a-4bc96a7d459d","Local Time Zone (America/New_York (EDT) offset -14400 (Daylight))"
12,1587674602548,"13dbc8a3-dae3-4834-823a-4bc96a7d459d","Local Time Zone (America/New_York (EDT) offset -14400 (Daylight))"
13,1587678202619,"13dbc8a3-dae3-4834-823a-4bc96a7d459d","Local Time Zone (America/New_York (EDT) offset -14400 (Daylight))"
14,1587681802514,"13dbc8a3-dae3-4834-823a-4bc96a7d459d","Local Time Zone (America/New_York (EDT) offset -14400 (Daylight))"
15,1587685402957,"13dbc8a3-dae3-4834-823a-4bc96a7d459d","Local Time Zone (America/New_York (EDT) offset -14400 (Daylight))"
16,1587689002584,"13dbc8a3-dae3-4834-823a-4bc96a7d459d","Local Time Zone (America/New_York (EDT) offset -14400 (Daylight))"
17,1587692603045,"13dbc8a3-dae3-4834-823a-4bc96a7d459d","Local Time Zone (America/New_York (EDT) offset -14400 (Daylight))"
18,1587696202655,"13dbc8a3-dae3-4834-823a-4bc96a7d459d","Local Time Zone (America/New_York (EDT) offset -14400 (Daylight))"
19,1587699802544,"13dbc8a3-dae3-4834-823a-4bc96a7d459d","Local Time Zone (America/New_York (EDT) offset -14400 (Daylight))"
20,1587703402557,"13dbc8a3-dae3-4834-823a-4bc96a7d459d","Local Time Zone (America/New_York (EDT) offset -14400 (Daylight))"
21,1587707002503,"13dbc8a3-dae3-4834-823a-4bc96a7d459d","Local Time Zone (America/New_York (EDT) offset -14400 (Daylight))"
22,1587710602587,"13dbc8a3-dae3-4834-823a-4bc96a7d459d","Local Time Zone (America/New_York (EDT) offset -14400 (Daylight))"
23,1587714202543,"13dbc8a3-dae3-4834-823a-4bc96a7d459d","Local Time Zone (America/New_York (EDT) offset -14400 (Daylight))"
24,1587717802533,"13dbc8a3-dae3-4834-823a-4bc96a7d459d","Local Time Zone (America/New_York (EDT) offset -14400 (Daylight))"
25,1587721402542,"13dbc8a3-dae3-4834-823a-4bc96a7d459d","Local Time Zone (America/New_York (EDT) offset -14400 (Daylight))"
26,1587725002432,"13dbc8a3-dae3-4834-823a-4bc96a7d459d","Local Time Zone (America/New_York (EDT) offset -14400 (Daylight))"
27,1587728602416,"13dbc8a3-dae3-4834-823a-4bc96a7d459d","Local Time Zone (America/New_York (EDT) offset -14400 (Daylight))"
28,1587732202434,"13dbc8a3-dae3-4834-823a-4bc96a7d459d","Local Time Zone (America/New_York (EDT) offset -14400 (Daylight))"
29,1587735802748,"13dbc8a3-dae3-4834-823a-4bc96a7d459d","Local Time Zone (America/New_York (EDT) offset -14400 (Daylight))"
30,1587739402503,"13dbc8a3-dae3-4834-823a-4bc96a7d459d","Local Time Zone (America/New_York (EDT) offset -14400 (Daylight))"
31,1587743002445,"13dbc8a3-dae3-4834-823a-4bc96a7d459d","Local Time Zone (America/New_York (EDT) offset -14400 (Daylight))"
32,1587746602441,"13dbc8a3-dae3-4834-823a-4bc96a7d459d","Local Time Zone (America/New_York (EDT) offset -14400 (Daylight))"
33,1587750202452,"13dbc8a3-dae3-4834-823a-4bc96a7d459d","Local Time Zone (America/New_York (EDT) offset -14400 (Daylight))"
34,1587753802432,"13dbc8a3-dae3-4834-823a-4bc96a7d459d","Local Time Zone (America/New_York (EDT) offset -14400 (Daylight))"
35,1587757402424,"13dbc8a3-dae3-4834-823a-4bc96a7d459d","Local Time Zone (America/New_York (EDT) offset -14400 (Daylight))"
36,1587761002367,"13dbc8a3-dae3-4834-823a-4bc96a7d459d","Local Time Zone (America/New_York (EDT) offset -14400 (Daylight))"
37,1587764602359,"13dbc8a3-dae3-4834-823a-4bc96a7d459d","Local Time Zone (America/New_York (EDT) offset -14400 (Daylight))"
38,1587768202360,"13dbc8a3-dae3-4834-823a-4bc96a7d459d","Local Time Zone (America/New_York (EDT) offset -14400 (Daylight))"
39,1587771802417,"13dbc8a3-dae3-4834-823a-4bc96a7d459d","Local Time Zone (America/New_York (EDT) offset -14400 (Daylight))"
40,1587775402386,"13dbc8a3-dae3-4834-823a-4bc96a7d459d","Local Time Zone (America/New_York (EDT) offset -14400 (Daylight))"
41,1587779002425,"13dbc8a3-dae3-4834-823a-4bc96a7d459d","Local Time Zone (America/New_York (EDT) offset -14400 (Daylight))"
42,1587782602432,"13dbc8a3-dae3-4834-823a-4bc96a7d459d","Local Time Zone (America/New_York (EDT) offset -14400 (Daylight))"
43,1587786202444,"13dbc8a3-dae3-4834-823a-4bc96a7d459d","Local Time Zone (America/New_York (EDT) offset -14400 (Daylight))"
44,1587789802453,"13dbc8a3-dae3-4834-823a-4bc96a7d459d","Local Time Zone (America/New_York (EDT) offset -14400 (Daylight))"
45,1587793403252,"13dbc8a3-dae3-4834-823a-4bc96a7d459d","Local Time Zone (America/New_York (EDT) offset -14400 (Daylight))"
46,1587797002607,"13dbc8a3-dae3-4834-823a-4bc96a7d459d","Local Time Zone (America/New_York (EDT) offset -14400 (Daylight))"
47,1587800603146,"13dbc8a3-dae3-4834-823a-4bc96a7d459d","Local Time Zone (America/New_York (EDT) offset -14400 (Daylight))"
48,1587804203127,"13dbc8a3-dae3-4834-823a-4bc96a7d459d","Local Time Zone (America/New_York (EDT) offset -14400 (Daylight))"
49,1587807803066,"13dbc8a3-dae3-4834-823a-4bc96a7d459d","Local Time Zone (America/New_York (EDT) offset -14400 (Daylight))"
50,1587811403177,"13dbc8a3-dae3-4834-823a-4bc96a7d459d","Local Time Zone (America/New_York (EDT) offset -14400 (Daylight))"
51,1587815002349,"13dbc8a3-dae3-4834-823a-4bc96a7d459d","Local Time Zone (America/New_York (EDT) offset -14400 (Daylight))"
52,1587818602366,"13dbc8a3-dae3-4834-823a-4bc96a7d459d","Local Time Zone (America/New_York (EDT) offset -14400 (Daylight))"
53,1587822202370,"13dbc8a3-dae3-4834-823a-4bc96a7d459d","Local Time Zone (America/New_York (EDT) offset -14400 (Daylight))"
54,1587825802445,"13dbc8a3-dae3-4834-823a-4bc96a7d459d","Local Time Zone (America/New_York (EDT) offset -14400 (Daylight))"
55,1587829402513,"13dbc8a3-dae3-4834-823a-4bc96a7d459d","Local Time Zone (America/New_York (EDT) offset -14400 (Daylight))"
56,1587833002530,"13dbc8a3-dae3-4834-823a-4bc96a7d459d","Local Time Zone (America/New_York (EDT) offset -14400 (Daylight))"
57,1587836602468,"13dbc8a3-dae3-4834-823a-4bc96a7d459d","Local Time Zone (America/New_York (EDT) offset -14400 (Daylight))"
58,1587840202451,"13dbc8a3-dae3-4834-823a-4bc96a7d459d","Local Time Zone (America/New_York (EDT) offset -14400 (Daylight))"
59,1587843802539,"13dbc8a3-dae3-4834-823a-4bc96a7d459d","Local Time Zone (America/New_York (EDT) offset -14400 (Daylight))"
60,1587847402476,"13dbc8a3-dae3-4834-823a-4bc96a7d459d","Local Time Zone (America/New_York (EDT) offset -14400 (Daylight))"
61,1587851002535,"13dbc8a3-dae3-4834-823a-4bc96a7d459d","Local Time Zone (America/New_York (EDT) offset -14400 (Daylight))"
62,1587854602466,"13dbc8a3-dae3-4834-823a-4bc96a7d459d","Local Time Zone (America/New_York (EDT) offset -14400 (Daylight))"
63,1587858202489,"13dbc8a3-dae3-4834-823a-4bc96a7d459d","Local Time Zone (America/New_York (EDT) offset -14400 (Daylight))"
64,1587861802516,"13dbc8a3-dae3-4834-823a-4bc96a7d459d","Local Time Zone (America/New_York (EDT) offset -14400 (Daylight))"
65,1587865402458,"13dbc8a3-dae3-4834-823a-4bc96a7d459d","Local Time Zone (America/New_York (EDT) offset -14400 (Daylight))"
66,1587869002505,"13dbc8a3-dae3-4834-823a-4bc96a7d459d","Local Time Zone (America/New_York (EDT) offset -14400 (Daylight))"
67,1587872602486,"13dbc8a3-dae3-4834-823a-4bc96a7d459d","Local Time Zone (America/New_York (EDT) offset -14400 (Daylight))"
68,1587876203296,"13dbc8a3-dae3-4834-823a-4bc96a7d459d","Local Time Zone (America/New_York (EDT) offset -14400 (Daylight))"
69,1587879803325,"13dbc8a3-dae3-4834-823a-4bc96a7d459d","Local Time Zone (America/New_York (EDT) offset -14400 (Daylight))"
70,1587883402817,"13dbc8a3-dae3-4834-823a-4bc96a7d459d","Local Time Zone (America/New_York (EDT) offset -14400 (Daylight))"
71,1587887002941,"13dbc8a3-dae3-4834-823a-4bc96a7d459d","Local Time Zone (America/New_York (EDT) offset -14400 (Daylight))"
72,1587890603510,"13dbc8a3-dae3-4834-823a-4bc96a7d459d","Local Time Zone (America/New_York (EDT) offset -14400 (Daylight))"
73,1587894203580,"13dbc8a3-dae3-4834-823a-4bc96a7d459d","Local Time Zone (America/New_York (EDT) offset -14400 (Daylight))"
74,1587897803648,"13dbc8a3-dae3-4834-823a-4bc96a7d459d","Local Time Zone (America/New_York (EDT) offset -14400 (Daylight))"
75,1587901402472,"13dbc8a3-dae3-4834-823a-4bc96a7d459d","Local Time Zone (America/New_York (EDT) offset -14400 (Daylight))"
76,1587905002369,"13dbc8a3-dae3-4834-823a-4bc96a7d459d","Local Time Zone (America/New_York (EDT) offset -14400 (Daylight))"
77,1587908602381,"13dbc8a3-dae3-4834-823a-4bc96a7d459d","Local Time Zone (America/New_York (EDT) offset -14400 (Daylight))"
78,1587912202422,"13dbc8a3-dae3-4834-823a-4bc96a7d459d","Local Time Zone (America/New_York (EDT) offset -14400 (Daylight))"
79,1587915802436,"13dbc8a3-dae3-4834-823a-4bc96a7d459d","Local Time Zone (America/New_York (EDT) offset -14400 (Daylight))"
80,1587919402350,"13dbc8a3-dae3-4834-823a-4bc96a7d459d","Local Time Zone (America/New_York (EDT) offset -14400 (Daylight))"
81,1587923002339,"13dbc8a3-dae3-4834-823a-4bc96a7d459d","Local Time Zone (America/New_York (EDT) offset -14400 (Daylight))"
82,1587926602434,"13dbc8a3-dae3-4834-823a-4bc96a7d459d","Local Time Zone (America/New_York (EDT) offset -14400 (Daylight))"
83,1587930203355,"13dbc8a3-dae3-4834-823a-4bc96a7d459d","Local Time Zone (America/New_York (EDT) offset -14400 (Daylight))"
84,1587933802456,"13dbc8a3-dae3-4834-823a-4bc96a7d459d","Local Time Zone (America/New_York (EDT) offset -14400 (Daylight))"
85,1587937402380,"13dbc8a3-dae3-4834-823a-4bc96a7d459d","Local Time Zone (America/New_York (EDT) offset -14400 (Daylight))"
86,1587941002489,"13dbc8a3-dae3-4834-823a-4bc96a7d459d","Local Time Zone (America/New_York (EDT) offset -14400 (Daylight))"
87,1587944602463,"13dbc8a3-dae3-4834-823a-4bc96a7d459d","Local Time Zone (America/New_York (EDT) offset -14400 (Daylight))"
88,1587948202403,"13dbc8a3-dae3-4834-823a-4bc96a7d459d","Local Time Zone (America/New_York (EDT) offset -14400 (Daylight))"
89,1587951802481,"13dbc8a3-dae3-4834-823a-4bc96a7d459d","Local Time Zone (America/New_York (EDT) offset -14400 (Daylight))"
90,1587955402696,"13dbc8a3-dae3-4834-823a-4bc96a7d459d","Local Time Zone (America/New_York (EDT) offset -14400 (Daylight))"
91,1587959002709,"13dbc8a3-dae3-4834-823a-4bc96a7d459d","Local Time Zone (America/New_York (EDT) offset -14400 (Daylight))"
92,1587962602574,"13dbc8a3-dae3-4834-823a-4bc96a7d459d","Local Time Zone (America/New_York (EDT) offset -14400 (Daylight))"
93,1587966202504,"13dbc8a3-dae3-4834-823a-4bc96a7d459d","Local Time Zone (America/New_York (EDT) offset -14400 (Daylight))"
94,1587969802540,"13dbc8a3-dae3-4834-823a-4bc96a7d459d","Local Time Zone (America/New_York (EDT) offset -14400 (Daylight))"
95,1587973402543,"13dbc8a3-dae3-4834-823a-4bc96a7d459d","Local Time Zone (America/New_York (EDT) offset -14400 (Daylight))"
96,1587977002518,"13dbc8a3-dae3-4834-823a-4bc96a7d459d","Local Time Zone (America/New_York (EDT) offset -14400 (Daylight))"
97,1587980602410,"13dbc8a3-dae3-4834-823a-4bc96a7d459d","Local Time Zone (America/New_York (EDT) offset -14400 (Daylight))"
98,1587984202400,"13dbc8a3-dae3-4834-823a-4bc96a7d459d","Local Time Zone (America/New_York (EDT) offset -14400 (Daylight))"
99,1587987802403,"13dbc8a3-dae3-4834-823a-4bc96a7d459d","Local Time Zone (America/New_York (EDT) offset -14400 (Daylight))"
100,1587991402408,"13dbc8a3-dae3-4834-823a-4bc96a7d459d","Local Time Zone (America/New_York (EDT) offset -14400 (Daylight))"
101,1587995002396,"13dbc8a3-dae3-4834-823a-4bc96a7d459d","Local Time Zone (America/New_York (EDT) offset -14400 (Daylight))"
102,1587998602391,"13dbc8a3-dae3-4834-823a-4bc96a7d459d","Local Time Zone (America/New_York (EDT) offset -14400 (Daylight))"
103,1588002202392,"13dbc8a3-dae3-4834-823a-4bc96a7d459d","Local Time Zone (America/New_York (EDT) offset -14400 (Daylight))"
104,1588005802365,"13dbc8a3-dae3-4834-823a-4bc96a7d459d","Local Time Zone (America/New_York (EDT) offset -14400 (Daylight))"
105,1588009402414,"13dbc8a3-dae3-4834-823a-4bc96a7d459d","Local Time Zone (America/New_York (EDT) offset -14400 (Daylight))"
106,1588013002333,"13dbc8a3-dae3-4834-823a-4bc96a7d459d","Local Time Zone (America/New_York (EDT) offset -14400 (Daylight))"
107,1588016602314,"13dbc8a3-dae3-4834-823a-4bc96a7d459d","Local Time Zone (America/New_York (EDT) offset -14400 (Daylight))"
108,1588020202364,"13dbc8a3-dae3-4834-823a-4bc96a7d459d","Local Time Zone (America/New_York (EDT) offset -14400 (Daylight))"
109,1588023803792,"13dbc8a3-dae3-4834-823a-4bc96a7d459d","Local Time Zone (America/New_York (EDT) offset -14400 (Daylight))"
110,1588027402562,"13dbc8a3-dae3-4834-823a-4bc96a7d459d","Local Time Zone (America/New_York (EDT) offset -14400 (Daylight))"
111,1588031002374,"13dbc8a3-dae3-4834-823a-4bc96a7d459d","Local Time Zone (America/New_York (EDT) offset -14400 (Daylight))"
112,1588034602405,"13dbc8a3-dae3-4834-823a-4bc96a7d459d","Local Time Zone (America/New_York (EDT) offset -14400 (Daylight))"
113,1588038202466,"13dbc8a3-dae3-4834-823a-4bc96a7d459d","Local Time Zone (America/New_York (EDT) offset -14400 (Daylight))"
114,1588041802508,"13dbc8a3-dae3-4834-823a-4bc96a7d459d","Local Time Zone (America/New_York (EDT) offset -14400 (Daylight))"
115,1588045402449,"13dbc8a3-dae3-4834-823a-4bc96a7d459d","Local Time Zone (America/New_York (EDT) offset -14400 (Daylight))"
116,1588049002426,"13dbc8a3-dae3-4834-823a-4bc96a7d459d","Local Time Zone (America/New_York (EDT) offset -14400 (Daylight))"
117,1588052602432,"13dbc8a3-dae3-4834-823a-4bc96a7d459d","Local Time Zone (America/New_York (EDT) offset -14400 (Daylight))"
118,1588056202401,"13dbc8a3-dae3-4834-823a-4bc96a7d459d","Local Time Zone (America/New_York (EDT) offset -14400 (Daylight))"
119,1588059802438,"13dbc8a3-dae3-4834-823a-4bc96a7d459d","Local Time Zone (America/New_York (EDT) offset -14400 (Daylight))"
120,1588063402343,"13dbc8a3-dae3-4834-823a-4bc96a7d459d","Local Time Zone (America/New_York (EDT) offset -14400 (Daylight))"
121,1588067002323,"13dbc8a3-dae3-4834-823a-4bc96a7d459d","Local Time Zone (America/New_York (EDT) offset -14400 (Daylight))"
122,1588070602325,"13dbc8a3-dae3-4834-823a-4bc96a7d459d","Local Time Zone (America/New_York (EDT) offset -14400 (Daylight))"
123,1588074202285,"13dbc8a3-dae3-4834-823a-4bc96a7d459d","Local Time Zone (America/New_York (EDT) offset -14400 (Daylight))"
124,1588077802368,"13dbc8a3-dae3-4834-823a-4bc96a7d459d","Local Time Zone (America/New_York (EDT) offset -14400 (Daylight))"
125,1588081402337,"13dbc8a3-dae3-4834-823a-4bc96a7d459d","Local Time Zone (America/New_York (EDT) offset -14400 (Daylight))"
126,1588085002268,"13dbc8a3-dae3-4834-823a-4bc96a7d459d","Local Time Zone (America/New_York (EDT) offset -14400 (Daylight))"
127,1588088602274,"13dbc8a3-dae3-4834-823a-4bc96a7d459d","Local Time Zone (America/New_York (EDT) offset -14400 (Daylight))"
128,1588092202316,"13dbc8a3-dae3-4834-823a-4bc96a7d459d","Local Time Zone (America/New_York (EDT) offset -14400 (Daylight))"
129,1588095802307,"13dbc8a3-dae3-4834-823a-4bc96a7d459d","Local Time Zone (America/New_York (EDT) offset -14400 (Daylight))"
130,1588095860381,"13dbc8a3-dae3-4834-823a-4bc96a7d459d","Local Time Zone (America/New_York (EDT) offset -14400 (Daylight))"
131,1588099460438,"13dbc8a3-dae3-4834-823a-4bc96a7d459d","Local Time Zone (America/New_York (EDT) offset -14400 (Daylight))"
132,1588103060362,"13dbc8a3-dae3-4834-823a-4bc96a7d459d","Local Time Zone (America/New_York (EDT) offset -14400 (Daylight))"
133,1588106660328,"13dbc8a3-dae3-4834-823a-4bc96a7d459d","Local Time Zone (America/New_York (EDT) offset -14400 (Daylight))"
134,1588110260403,"13dbc8a3-dae3-4834-823a-4bc96a7d459d","Local Time Zone (America/New_York (EDT) offset -14400 (Daylight))"
135,1588113860324,"13dbc8a3-dae3-4834-823a-4bc96a7d459d","Local Time Zone (America/New_York (EDT) offset -14400 (Daylight))"
136,1588117460373,"13dbc8a3-dae3-4834-823a-4bc96a7d459d","Local Time Zone (America/New_York (EDT) offset -14400 (Daylight))"
137,1588121060304,"13dbc8a3-dae3-4834-823a-4bc96a7d459d","Local Time Zone (America/New_York (EDT) offset -14400 (Daylight))"
138,1588124660264,"13dbc8a3-dae3-4834-823a-4bc96a7d459d","Local Time Zone (America/New_York (EDT) offset -14400 (Daylight))"
139,1588128260333,"13dbc8a3-dae3-4834-823a-4bc96a7d459d","Local Time Zone (America/New_York (EDT) offset -14400 (Daylight))"
140,1588131860334,"13dbc8a3-dae3-4834-823a-4bc96a7d459d","Local Time Zone (America/New_York (EDT) offset -14400 (Daylight))"
141,1588135460316,"13dbc8a3-dae3-4834-823a-4bc96a7d459d","Local Time Zone (America/New_York (EDT) offset -14400 (Daylight))"
142,1588139060270,"13dbc8a3-dae3-4834-823a-4bc96a7d459d","Local Time Zone (America/New_York (EDT) offset -14400 (Daylight))"
143,1588142660228,"13dbc8a3-dae3-4834-823a-4bc96a7d459d","Local Time Zone (America/New_York (EDT) offset -14400 (Daylight))"
144,1588146260291,"13dbc8a3-dae3-4834-823a-4bc96a7d459d","Local Time Zone (America/New_York (EDT) offset -14400 (Daylight))"
145,1588149860260,"13dbc8a3-dae3-4834-823a-4bc96a7d459d","Local Time Zone (America/New_York (EDT) offset -14400 (Daylight))"
146,1588153460216,"13dbc8a3-dae3-4834-823a-4bc96a7d459d","Local Time Zone (America/New_York (EDT) offset -14400 (Daylight))"
147,1588157060218,"13dbc8a3-dae3-4834-823a-4bc96a7d459d","Local Time Zone (America/New_York (EDT) offset -14400 (Daylight))"
148,1588160660228,"13dbc8a3-dae3-4834-823a-4bc96a7d459d","Local Time Zone (America/New_York (EDT) offset -14400 (Daylight))"
149,1588164260183,"13dbc8a3-dae3-4834-823a-4bc96a7d459d","Local Time Zone (America/New_York (EDT) offset -14400 (Daylight))"
150,1588167860200,"13dbc8a3-dae3-4834-823a-4bc96a7d459d","Local Time Zone (America/New_York (EDT) offset -14400 (Daylight))"
151,1588171460173,"13dbc8a3-dae3-4834-823a-4bc96a7d459d","Local Time Zone (America/New_York (EDT) offset -14400 (Daylight))"
152,1588175060144,"13dbc8a3-dae3-4834-823a-4bc96a7d459d","Local Time Zone (America/New_York (EDT) offset -14400 (Daylight))"
153,1588178660186,"13dbc8a3-dae3-4834-823a-4bc96a7d459d","Local Time Zone (America/New_York (EDT) offset -14400 (Daylight))"
154,1588182260165,"13dbc8a3-dae3-4834-823a-4bc96a7d459d","Local Time Zone (America/New_York (EDT) offset -14400 (Daylight))"
155,1588185860077,"13dbc8a3-dae3-4834-823a-4bc96a7d459d","Local Time Zone (America/New_York (EDT) offset -14400 (Daylight))"
156,1588189460075,"13dbc8a3-dae3-4834-823a-4bc96a7d459d","Local Time Zone (America/New_York (EDT) offset -14400 (Daylight))"
157,1588193060084,"13dbc8a3-dae3-4834-823a-4bc96a7d459d","Local Time Zone (America/New_York (EDT) offset -14400 (Daylight))"
158,1588196660108,"13dbc8a3-dae3-4834-823a-4bc96a7d459d","Local Time Zone (America/New_York (EDT) offset -14400 (Daylight))"
159,1588200260073,"13dbc8a3-dae3-4834-823a-4bc96a7d459d","Local Time Zone (America/New_York (EDT) offset -14400 (Daylight))"
160,1588203860000,"13dbc8a3-dae3-4834-823a-4bc96a7d459d","Local Time Zone (America/New_York (EDT) offset -14400 (Daylight))"
161,1588207460055,"13dbc8a3-dae3-4834-823a-4bc96a7d459d","Local Time Zone (America/New_York (EDT) offset -14400 (Daylight))"
162,1588211060133,"13dbc8a3-dae3-4834-823a-4bc96a7d459d","Local Time Zone (America/New_York (EDT) offset -14400 (Daylight))"
163,1588214660191,"13dbc8a3-dae3-4834-823a-4bc96a7d459d","Local Time Zone (America/New_York (EDT) offset -14400 (Daylight))"
164,1588218260150,"13dbc8a3-dae3-4834-823a-4bc96a7d459d","Local Time Zone (America/New_York (EDT) offset -14400 (Daylight))"
165,1588221860135,"13dbc8a3-dae3-4834-823a-4bc96a7d459d","Local Time Zone (America/New_York (EDT) offset -14400 (Daylight))"
166,1588225460150,"13dbc8a3-dae3-4834-823a-4bc96a7d459d","Local Time Zone (America/New_York (EDT) offset -14400 (Daylight))"
167,1588229060141,"13dbc8a3-dae3-4834-823a-4bc96a7d459d","Local Time Zone (America/New_York (EDT) offset -14400 (Daylight))"
168,1588232660041,"13dbc8a3-dae3-4834-823a-4bc96a7d459d","Local Time Zone (America/New_York (EDT) offset -14400 (Daylight))"
169,1588236260079,"13dbc8a3-dae3-4834-823a-4bc96a7d459d","Local Time Zone (America/New_York (EDT) offset -14400 (Daylight))"
170,1588239860081,"13dbc8a3-dae3-4834-823a-4bc96a7d459d","Local Time Zone (America/New_York (EDT) offset -14400 (Daylight))"
171,1588243460055,"13dbc8a3-dae3-4834-823a-4bc96a7d459d","Local Time Zone (America/New_York (EDT) offset -14400 (Daylight))"
172,1588247060027,"13dbc8a3-dae3-4834-823a-4bc96a7d459d","Local Time Zone (America/New_York (EDT) offset -14400 (Daylight))"
173,1588250660024,"13dbc8a3-dae3-4834-823a-4bc96a7d459d","Local Time Zone (America/New_York (EDT) offset -14400 (Daylight))"
174,1588254260068,"13dbc8a3-dae3-4834-823a-4bc96a7d459d","Local Time Zone (America/New_York (EDT) offset -14400 (Daylight))"
175,1587648781924,"a748ee1a-1d0b-4ae9-9074-279a2b6ba524","America/New_York"
176,1587648787306,"a748ee1a-1d0b-4ae9-9074-279a2b6ba524","America/New_York"
177,1588257860058,"13dbc8a3-dae3-4834-823a-4bc96a7d459d","Local Time Zone (America/New_York (EDT) offset -14400 (Daylight))"
178,1588261460080,"13dbc8a3-dae3-4834-823a-4bc96a7d459d","Local Time Zone (America/New_York (EDT) offset -14400 (Daylight))"
179,1588265060031,"13dbc8a3-dae3-4834-823a-4bc96a7d459d","Local Time Zone (America/New_York (EDT) offset -14400 (Daylight))"
180,1588268660069,"13dbc8a3-dae3-4834-823a-4bc96a7d459d","Local Time Zone (America/New_York (EDT) offset -14400 (Daylight))"
181,1588272260021,"13dbc8a3-dae3-4834-823a-4bc96a7d459d","Local Time Zone (America/New_York (EDT) offset -14400 (Daylight))"
182,1588275859956,"13dbc8a3-dae3-4834-823a-4bc96a7d459d","Local Time Zone (America/New_York (EDT) offset -14400 (Daylight))"
183,1588279459947,"13dbc8a3-dae3-4834-823a-4bc96a7d459d","Local Time Zone (America/New_York (EDT) offset -14400 (Daylight))"
184,1588283060025,"13dbc8a3-dae3-4834-823a-4bc96a7d459d","Local Time Zone (America/New_York (EDT) offset -14400 (Daylight))"
185,1588286659978,"13dbc8a3-dae3-4834-823a-4bc96a7d459d","Local Time Zone (America/New_York (EDT) offset -14400 (Daylight))"
186,1588290259927,"13dbc8a3-dae3-4834-823a-4bc96a7d459d","Local Time Zone (America/New_York (EDT) offset -14400 (Daylight))"
187,1588293859998,"13dbc8a3-dae3-4834-823a-4bc96a7d459d","Local Time Zone (America/New_York (EDT) offset -14400 (Daylight))"
188,1588297460014,"13dbc8a3-dae3-4834-823a-4bc96a7d459d","Local Time Zone (America/New_York (EDT) offset -14400 (Daylight))"
189,1588301059959,"13dbc8a3-dae3-4834-823a-4bc96a7d459d","Local Time Zone (America/New_York (EDT) offset -14400 (Daylight))"
190,1588304659945,"13dbc8a3-dae3-4834-823a-4bc96a7d459d","Local Time Zone (America/New_York (EDT) offset -14400 (Daylight))"
191,1588308260028,"13dbc8a3-dae3-4834-823a-4bc96a7d459d","Local Time Zone (America/New_York (EDT) offset -14400 (Daylight))"
192,1588311859956,"13dbc8a3-dae3-4834-823a-4bc96a7d459d","Local Time Zone (America/New_York (EDT) offset -14400 (Daylight))"
193,1588315459998,"13dbc8a3-dae3-4834-823a-4bc96a7d459d","Local Time Zone (America/New_York (EDT) offset -14400 (Daylight))"
194,1588319059915,"13dbc8a3-dae3-4834-823a-4bc96a7d459d","Local Time Zone (America/New_York (EDT) offset -14400 (Daylight))"
195,1588322659891,"13dbc8a3-dae3-4834-823a-4bc96a7d459d","Local Time Zone (America/New_York (EDT) offset -14400 (Daylight))"
196,1588326259890,"13dbc8a3-dae3-4834-823a-4bc96a7d459d","Local Time Zone (America/New_York (EDT) offset -14400 (Daylight))"
197,1588329859852,"13dbc8a3-dae3-4834-823a-4bc96a7d459d","Local Time Zone (America/New_York (EDT) offset -14400 (Daylight))"
198,1588333459889,"13dbc8a3-dae3-4834-823a-4bc96a7d459d","Local Time Zone (America/New_York (EDT) offset -14400 (Daylight))"
199,1588337059850,"13dbc8a3-dae3-4834-823a-4bc96a7d459d","Local Time Zone (America/New_York (EDT) offset -14400 (Daylight))"
200,1588340659882,"13dbc8a3-dae3-4834-823a-4bc96a7d459d","Local Time Zone (America/New_York (EDT) offset -14400 (Daylight))"
201,1588344259831,"13dbc8a3-dae3-4834-823a-4bc96a7d459d","Local Time Zone (America/New_York (EDT) offset -14400 (Daylight))"
202,1588347859835,"13dbc8a3-dae3-4834-823a-4bc96a7d459d","Local Time Zone (America/New_York (EDT) offset -14400 (Daylight))"
203,1588351459816,"13dbc8a3-dae3-4834-823a-4bc96a7d459d","Local Time Zone (America/New_York (EDT) offset -14400 (Daylight))"
204,1588355059800,"13dbc8a3-dae3-4834-823a-4bc96a7d459d","Local Time Zone (America/New_York (EDT) offset -14400 (Daylight))"
205,1588358659782,"13dbc8a3-dae3-4834-823a-4bc96a7d459d","Local Time Zone (America/New_York (EDT) offset -14400 (Daylight))"
206,1588362259770,"13dbc8a3-dae3-4834-823a-4bc96a7d459d","Local Time Zone (America/New_York (EDT) offset -14400 (Daylight))"
207,1588365859757,"13dbc8a3-dae3-4834-823a-4bc96a7d459d","Local Time Zone (America/New_York (EDT) offset -14400 (Daylight))"
208,1588369459702,"13dbc8a3-dae3-4834-823a-4bc96a7d459d","Local Time Zone (America/New_York (EDT) offset -14400 (Daylight))"
209,1588373059773,"13dbc8a3-dae3-4834-823a-4bc96a7d459d","Local Time Zone (America/New_York (EDT) offset -14400 (Daylight))"
210,1588376659745,"13dbc8a3-dae3-4834-823a-4bc96a7d459d","Local Time Zone (America/New_York (EDT) offset -14400 (Daylight))"
211,1588380259771,"13dbc8a3-dae3-4834-823a-4bc96a7d459d","Local Time Zone (America/New_York (EDT) offset -14400 (Daylight))"
212,1588383859780,"13dbc8a3-dae3-4834-823a-4bc96a7d459d","Local Time Zone (America/New_York (EDT) offset -14400 (Daylight))"
213,1588387459843,"13dbc8a3-dae3-4834-823a-4bc96a7d459d","Local Time Zone (America/New_York (EDT) offset -14400 (Daylight))"
214,1588391059750,"13dbc8a3-dae3-4834-823a-4bc96a7d459d","Local Time Zone (America/New_York (EDT) offset -14400 (Daylight))"
215,1588394659738,"13dbc8a3-dae3-4834-823a-4bc96a7d459d","Local Time Zone (America/New_York (EDT) offset -14400 (Daylight))"
216,1588398259775,"13dbc8a3-dae3-4834-823a-4bc96a7d459d","Local Time Zone (America/New_York (EDT) offset -14400 (Daylight))"
217,1588401859736,"13dbc8a3-dae3-4834-823a-4bc96a7d459d","Local Time Zone (America/New_York (EDT) offset -14400 (Daylight))"
218,1588405459683,"13dbc8a3-dae3-4834-823a-4bc96a7d459d","Local Time Zone (America/New_York (EDT) offset -14400 (Daylight))"
219,1588409059682,"13dbc8a3-dae3-4834-823a-4bc96a7d459d","Local Time Zone (America/New_York (EDT) offset -14400 (Daylight))"
220,1588412659712,"13dbc8a3-dae3-4834-823a-4bc96a7d459d","Local Time Zone (America/New_York (EDT) offset -14400 (Daylight))"
221,1588416259695,"13dbc8a3-dae3-4834-823a-4bc96a7d459d","Local Time Zone (America/New_York (EDT) offset -14400 (Daylight))"
222,1588419859712,"13dbc8a3-dae3-4834-823a-4bc96a7d459d","Local Time Zone (America/New_York (EDT) offset -14400 (Daylight))"
223,1588438053801,"a748ee1a-1d0b-4ae9-9074-279a2b6ba524","America/New_York"
224,1588423459718,"13dbc8a3-dae3-4834-823a-4bc96a7d459d","Local Time Zone (America/New_York (EDT) offset -14400 (Daylight))"
225,1588427059695,"13dbc8a3-dae3-4834-823a-4bc96a7d459d","Local Time Zone (America/New_York (EDT) offset -14400 (Daylight))"
226,1588430659692,"13dbc8a3-dae3-4834-823a-4bc96a7d459d","Local Time Zone (America/New_York (EDT) offset -14400 (Daylight))"
227,1588434259655,"13dbc8a3-dae3-4834-823a-4bc96a7d459d","Local Time Zone (America/New_York (EDT) offset -14400 (Daylight))"
228,1588437859733,"13dbc8a3-dae3-4834-823a-4bc96a7d459d","Local Time Zone (America/New_York (EDT) offset -14400 (Daylight))"
229,1588441459617,"13dbc8a3-dae3-4834-823a-4bc96a7d459d","Local Time Zone (America/New_York (EDT) offset -14400 (Daylight))"
230,1588445059654,"13dbc8a3-dae3-4834-823a-4bc96a7d459d","Local Time Zone (America/New_York (EDT) offset -14400 (Daylight))"
231,1588448659693,"13dbc8a3-dae3-4834-823a-4bc96a7d459d","Local Time Zone (America/New_York (EDT) offset -14400 (Daylight))"
232,1588452259696,"13dbc8a3-dae3-4834-823a-4bc96a7d459d","Local Time Zone (America/New_York (EDT) offset -14400 (Daylight))"
233,1588455859738,"13dbc8a3-dae3-4834-823a-4bc96a7d459d","Local Time Zone (America/New_York (EDT) offset -14400 (Daylight))"
234,1588459459736,"13dbc8a3-dae3-4834-823a-4bc96a7d459d","Local Time Zone (America/New_York (EDT) offset -14400 (Daylight))"
235,1588463059731,"13dbc8a3-dae3-4834-823a-4bc96a7d459d","Local Time Zone (America/New_York (EDT) offset -14400 (Daylight))"
236,1588466659690,"13dbc8a3-dae3-4834-823a-4bc96a7d459d","Local Time Zone (America/New_York (EDT) offset -14400 (Daylight))"
237,1588470259730,"13dbc8a3-dae3-4834-823a-4bc96a7d459d","Local Time Zone (America/New_York (EDT) offset -14400 (Daylight))"
238,1588473859753,"13dbc8a3-dae3-4834-823a-4bc96a7d459d","Local Time Zone (America/New_York (EDT) offset -14400 (Daylight))"
239,1588477459738,"13dbc8a3-dae3-4834-823a-4bc96a7d459d","Local Time Zone (America/New_York (EDT) offset -14400 (Daylight))"
240,1588481059639,"13dbc8a3-dae3-4834-823a-4bc96a7d459d","Local Time Zone (America/New_York (EDT) offset -14400 (Daylight))"
241,1588484659660,"13dbc8a3-dae3-4834-823a-4bc96a7d459d","Local Time Zone (America/New_York (EDT) offset -14400 (Daylight))"
242,1588488259620,"13dbc8a3-dae3-4834-823a-4bc96a7d459d","Local Time Zone (America/New_York (EDT) offset -14400 (Daylight))"
243,1588491859599,"13dbc8a3-dae3-4834-823a-4bc96a7d459d","Local Time Zone (America/New_York (EDT) offset -14400 (Daylight))"
244,1588495459622,"13dbc8a3-dae3-4834-823a-4bc96a7d459d","Local Time Zone (America/New_York (EDT) offset -14400 (Daylight))"
245,1588499059551,"13dbc8a3-dae3-4834-823a-4bc96a7d459d","Local Time Zone (America/New_York (EDT) offset -14400 (Daylight))"
246,1588502659578,"13dbc8a3-dae3-4834-823a-4bc96a7d459d","Local Time Zone (America/New_York (EDT) offset -14400 (Daylight))"
247,1588506259520,"13dbc8a3-dae3-4834-823a-4bc96a7d459d","Local Time Zone (America/New_York (EDT) offset -14400 (Daylight))"
248,1588509859600,"13dbc8a3-dae3-4834-823a-4bc96a7d459d","Local Time Zone (America/New_York (EDT) offset -14400 (Daylight))"
249,1588513459646,"13dbc8a3-dae3-4834-823a-4bc96a7d459d","Local Time Zone (America/New_York (EDT) offset -14400 (Daylight))"
250,1588517059676,"13dbc8a3-dae3-4834-823a-4bc96a7d459d","Local Time Zone (America/New_York (EDT) offset -14400 (Daylight))"
251,1588520659717,"13dbc8a3-dae3-4834-823a-4bc96a7d459d","Local Time Zone (America/New_York (EDT) offset -14400 (Daylight))"
252,1588524259681,"13dbc8a3-dae3-4834-823a-4bc96a7d459d","Local Time Zone (America/New_York (EDT) offset -14400 (Daylight))"
253,1588527859778,"13dbc8a3-dae3-4834-823a-4bc96a7d459d","Local Time Zone (America/New_York (EDT) offset -14400 (Daylight))"
254,1588531459812,"13dbc8a3-dae3-4834-823a-4bc96a7d459d","Local Time Zone (America/New_York (EDT) offset -14400 (Daylight))"
255,1588535059843,"13dbc8a3-dae3-4834-823a-4bc96a7d459d","Local Time Zone (America/New_York (EDT) offset -14400 (Daylight))"
256,1588538659863,"13dbc8a3-dae3-4834-823a-4bc96a7d459d","Local Time Zone (America/New_York (EDT) offset -14400 (Daylight))"
257,1588542259886,"13dbc8a3-dae3-4834-823a-4bc96a7d459d","Local Time Zone (America/New_York (EDT) offset -14400 (Daylight))"
258,1588545859890,"13dbc8a3-dae3-4834-823a-4bc96a7d459d","Local Time Zone (America/New_York (EDT) offset -14400 (Daylight))"
259,1588549459824,"13dbc8a3-dae3-4834-823a-4bc96a7d459d","Local Time Zone (America/New_York (EDT) offset -14400 (Daylight))"
260,1588553059932,"13dbc8a3-dae3-4834-823a-4bc96a7d459d","Local Time Zone (America/New_York (EDT) offset -14400 (Daylight))"
261,1588556659920,"13dbc8a3-dae3-4834-823a-4bc96a7d459d","Local Time Zone (America/New_York (EDT) offset -14400 (Daylight))"
262,1588560259904,"13dbc8a3-dae3-4834-823a-4bc96a7d459d","Local Time Zone (America/New_York (EDT) offset -14400 (Daylight))"
263,1588563859940,"13dbc8a3-dae3-4834-823a-4bc96a7d459d","Local Time Zone (America/New_York (EDT) offset -14400 (Daylight))"
264,1588567459963,"13dbc8a3-dae3-4834-823a-4bc96a7d459d","Local Time Zone (America/New_York (EDT) offset -14400 (Daylight))"
265,1588571059907,"13dbc8a3-dae3-4834-823a-4bc96a7d459d","Local Time Zone (America/New_York (EDT) offset -14400 (Daylight))"
266,1588574659871,"13dbc8a3-dae3-4834-823a-4bc96a7d459d","Local Time Zone (America/New_York (EDT) offset -14400 (Daylight))"
267,1588578259848,"13dbc8a3-dae3-4834-823a-4bc96a7d459d","Local Time Zone (America/New_York (EDT) offset -14400 (Daylight))"
268,1588581859869,"13dbc8a3-dae3-4834-823a-4bc96a7d459d","Local Time Zone (America/New_York (EDT) offset -14400 (Daylight))"
269,1588585459834,"13dbc8a3-dae3-4834-823a-4bc96a7d459d","Local Time Zone (America/New_York (EDT) offset -14400 (Daylight))"
270,1588589059863,"13dbc8a3-dae3-4834-823a-4bc96a7d459d","Local Time Zone (America/New_York (EDT) offset -14400 (Daylight))"
271,1588592659840,"13dbc8a3-dae3-4834-823a-4bc96a7d459d","Local Time Zone (America/New_York (EDT) offset -14400 (Daylight))"
272,1588596259840,"13dbc8a3-dae3-4834-823a-4bc96a7d459d","Local Time Zone (America/New_York (EDT) offset -14400 (Daylight))"
273,1588599859836,"13dbc8a3-dae3-4834-823a-4bc96a7d459d","Local Time Zone (America/New_York (EDT) offset -14400 (Daylight))"
274,1588603459749,"13dbc8a3-dae3-4834-823a-4bc96a7d459d","Local Time Zone (America/New_York (EDT) offset -14400 (Daylight))"
275,1588607059732,"13dbc8a3-dae3-4834-823a-4bc96a7d459d","Local Time Zone (America/New_York (EDT) offset -14400 (Daylight))"
276,1588610659949,"13dbc8a3-dae3-4834-823a-4bc96a7d459d","Local Time Zone (America/New_York (EDT) offset -14400 (Daylight))"
277,1588614259782,"13dbc8a3-dae3-4834-823a-4bc96a7d459d","Local Time Zone (America/New_York (EDT) offset -14400 (Daylight))"
278,1588617859679,"13dbc8a3-dae3-4834-823a-4bc96a7d459d","Local Time Zone (America/New_York (EDT) offset -14400 (Daylight))"
279,1588621459733,"13dbc8a3-dae3-4834-823a-4bc96a7d459d","Local Time Zone (America/New_York (EDT) offset -14400 (Daylight))"
280,1588625059745,"13dbc8a3-dae3-4834-823a-4bc96a7d459d","Local Time Zone (America/New_York (EDT) offset -14400 (Daylight))"
281,1588628659682,"13dbc8a3-dae3-4834-823a-4bc96a7d459d","Local Time Zone (America/New_York (EDT) offset -14400 (Daylight))"
282,1588632259715,"13dbc8a3-dae3-4834-823a-4bc96a7d459d","Local Time Zone (America/New_York (EDT) offset -14400 (Daylight))"
